ant,bee,beetle,butterfly,cockroach,cricket,dragonfly,earwig,flea,fly,gnat,grasshopper,ladybird,louse,mosquito,moth,spider,termite,wasp,year
2.5834805719291474e-05,2.8210420038306782e-05,3.2664696886460483e-06,6.2359875874151834e-06,5.939035797538269e-07,5.939035797538269e-07,2.9695178987691346e-07,0.0,1.4847589493845674e-06,0.0001541179789461181,2.9695178987691347e-06,2.078662529138394e-06,2.9695178987691346e-07,1.1878071595076539e-06,2.9695178987691347e-06,3.2664696886460483e-06,8.017698326676665e-06,0.0,5.048180427907529e-06,1800
3.5668870397159415e-05,1.5142444979926165e-05,1.3459951093267703e-06,2.355491441321848e-06,0.0,2.0189926639901555e-06,3.364987773316926e-07,3.364987773316926e-07,3.364987773316926e-06,0.00013258051826868687,6.729975546633852e-07,1.0094963319950777e-06,0.0,2.0189926639901555e-06,5.047481659975388e-06,1.0094963319950777e-06,1.0767960874614163e-05,0.0,2.6919902186535407e-06,1804
4.520237459969134e-05,1.475024855358349e-05,2.141165112616958e-06,0.0,0.0,1.6653506431465231e-06,4.7581446947043515e-07,0.0,9.516289389408703e-07,9.706615177196877e-05,1.189536173676088e-06,4.7581446947043515e-07,0.0,1.189536173676088e-06,7.137217042056527e-07,8.564660450467832e-06,2.6169795820873934e-06,0.0,1.4274434084113054e-06,1808
