ant,bee,beetl,butterfli,cockroach,cricket,dragonfli,earwig,flea,fli,gnat,grasshopp,ladybird,lous,mosquito,moth,spider,termit,wasp,year
5.8499502605751956e-05,3.9791539843506404e-05,4.454276848153702e-06,8.314650116553577e-06,5.939035797538269e-07,1.1878071595076539e-06,1.1878071595076539e-06,2.9695178987691346e-07,5.048180427907529e-06,0.00026933527341836054,6.2359875874151834e-06,4.157325058276788e-06,2.9695178987691346e-07,1.1878071595076539e-06,3.2664696886460483e-06,7.1268429570459236e-06,1.1581119805199625e-05,5.939035797538269e-07,7.72074653679975e-06,1800
7.638522245429421e-05,2.456441074521356e-05,3.364987773316926e-06,7.402973101297236e-06,0.0,2.6919902186535407e-06,3.364987773316926e-07,3.364987773316926e-07,5.383980437307081e-06,0.0002358856429095165,6.056977991970466e-06,2.355491441321848e-06,3.364987773316926e-07,2.0189926639901555e-06,6.729975546633852e-06,6.056977991970466e-06,1.3796449870599396e-05,3.364987773316926e-07,4.037985327980311e-06,1804
7.731985128894572e-05,2.4266537942992192e-05,3.806515755763481e-06,9.516289389408703e-07,2.3790723473521757e-07,2.141165112616958e-06,4.7581446947043515e-07,0.0,2.379072347352176e-06,0.00017700298264300188,3.5686085210282637e-06,1.4274434084113054e-06,0.0,1.6653506431465231e-06,9.516289389408703e-07,1.0705825563084791e-05,3.806515755763481e-06,4.7581446947043515e-07,2.6169795820873934e-06,1808
